team_size,project_budget,project_duration,requirement_change_count,average_sprint_delay,bug_count,testing_coverage,code_complexity,developer_experience,communication_frequency,task_completion_rate,client_change_requests,previous_project_success_rate,risk_score,risk_level
9,1311466,12,26,1.98,107,97.78,1,5.2,2,31.74,9,23.09,58.95,Medium
22,1122200,2,5,5.65,140,83.53,7,8.6,2,88.47,11,90.31,48.7,Medium
17,73321,23,8,4.64,9,86.73,6,12.9,5,55.58,13,45.19,42.8,Medium
13,453704,3,6,9.72,8,94.42,6,10.2,8,88.91,8,30.32,44.1,Medium
10,859006,10,3,6.09,33,17.66,8,6.8,9,68.82,12,57.48,59.03,Medium
23,1272869,2,12,3.5,128,44.7,8,14.3,2,93.11,2,67.86,48.5,Medium
9,977982,23,16,1.14,88,16.39,6,10.9,5,94.83,13,22.48,59.46,Medium
21,1881991,13,27,1.51,92,28.97,3,14.0,7,30.64,9,41.99,63.3,Medium
13,236717,13,1,2.25,70,30.64,5,8.2,6,35.28,15,22.62,48.22,Medium
13,1078202,18,27,2.51,66,52.22,2,4.3,6,47.53,6,53.63,57.47,Medium
23,1479551,3,4,8.51,147,34.17,5,1.3,7,76.85,3,91.61,60.83,Medium
6,233868,7,11,5.61,116,19.09,9,11.0,3,92.18,19,98.61,65.36,High
10,709792,14,26,5.23,93,25.07,1,2.3,3,62.2,10,70.96,69.16,High
5,145257,20,20,1.15,98,23.25,5,4.9,9,72.49,15,32.93,63.35,Medium
24,638579,17,7,8.6,112,97.58,6,8.2,8,43.19,19,92.47,59.63,Medium
23,260176,21,5,7.23,102,78.34,7,8.7,5,86.35,3,61.3,54.22,Medium
4,240471,12,7,0.68,90,97.1,9,9.2,6,97.71,16,32.3,38.21,Medium
14,964032,16,17,7.08,89,49.58,6,2.9,1,48.8,12,93.74,76.69,High
8,522930,12,2,5.44,16,35.05,5,6.0,1,64.64,10,80.6,45.87,Medium
4,1935436,15,21,0.82,17,81.85,7,9.4,4,36.03,2,78.54,44.99,Medium
23,1841667,10,11,4.58,115,39.36,1,14.6,2,69.14,8,76.73,49.0,Medium
3,1617438,7,28,4.85,92,36.94,5,11.1,7,65.19,5,36.03,61.74,Medium
14,1574350,20,25,1.66,90,30.93,2,13.9,2,40.11,10,36.88,63.8,Medium
24,967559,5,2,9.46,81,21.67,4,11.6,2,60.94,15,75.06,61.11,Medium
14,685605,1,21,8.5,67,33.08,7,9.1,5,53.39,18,37.58,79.54,High
19,1238365,17,5,6.69,113,41.98,5,3.3,4,66.53,4,55.09,60.77,Medium
12,439593,3,1,4.62,0,70.66,6,10.2,8,71.0,13,82.56,34.5,Low
18,865131,13,22,4.12,57,15.63,2,9.5,4,30.59,16,82.72,65.69,High
17,1172262,14,11,6.51,108,28.95,3,9.2,6,83.27,2,56.26,57.86,Medium
17,117661,18,1,5.45,147,82.81,7,7.6,5,79.91,3,83.38,43.5,Medium
21,618535,4,5,0.62,115,23.22,2,8.2,2,55.64,15,87.09,52.39,Medium
14,1343697,18,16,5.13,86,40.84,6,5.3,8,33.71,15,72.38,71.34,High
22,1770684,5,2,8.06,9,87.82,5,8.0,2,82.85,3,38.27,35.73,Medium
5,1465833,16,1,4.59,58,23.94,1,3.4,9,96.86,18,41.92,44.91,Medium
7,316765,1,22,0.52,40,17.45,4,12.2,9,46.81,16,45.19,56.68,Medium
21,1244682,21,29,7.86,104,53.61,2,3.2,3,52.65,12,29.34,79.42,High
9,1357506,14,19,2.01,132,37.22,4,1.7,4,42.87,0,41.85,62.83,Medium
23,710482,15,7,2.59,121,60.71,1,6.8,8,70.39,11,36.76,43.3,Medium
11,854462,9,21,1.65,144,82.34,2,10.0,9,40.84,3,56.43,49.84,Medium
9,919270,15,11,3.3,21,22.34,8,6.8,3,54.93,10,92.68,50.79,Medium
20,1969725,17,25,7.57,97,62.26,6,4.5,5,78.79,4,28.36,70.14,High
6,498874,4,3,5.19,67,55.5,2,8.6,8,69.21,1,77.62,40.36,Medium
16,1661502,12,4,2.05,138,22.97,6,5.5,3,57.05,16,74.98,59.08,Medium
20,903499,5,12,8.78,55,66.16,9,14.0,7,59.42,7,27.66,58.29,Medium
11,1073980,5,28,8.8,148,34.63,7,13.9,8,69.35,5,93.81,80.4,High
23,168033,11,14,8.71,98,53.91,9,7.8,3,30.41,8,65.48,75.32,High
4,680265,6,24,2.39,75,17.4,5,5.3,2,35.5,12,49.1,74.55,High
22,663157,7,22,4.51,25,51.36,7,11.2,7,91.69,10,80.52,50.47,Medium
17,1728050,14,15,9.85,114,37.58,7,1.0,9,35.45,15,40.59,86.9,High
9,871106,11,9,7.72,146,84.01,3,7.4,1,79.48,15,75.48,57.19,Medium
14,1265502,13,29,0.27,108,15.13,7,5.4,3,94.4,1,23.18,61.43,Medium
10,1669135,2,29,0.65,46,47.67,1,13.8,5,48.95,9,87.15,44.66,Medium
17,910120,7,24,4.64,70,51.26,9,0.7,3,55.93,11,55.85,72.76,High
5,481734,20,22,9.09,39,75.25,6,8.5,1,69.82,7,70.94,66.72,High
16,1471796,4,15,5.39,132,61.69,5,11.2,7,91.72,10,37.7,56.17,Medium
19,715627,8,11,4.98,148,70.05,7,7.5,7,95.93,9,74.17,57.83,Medium
6,271897,20,16,1.05,131,79.93,5,1.7,8,81.77,12,81.78,54.57,Medium
20,51062,22,15,6.57,22,87.6,5,14.6,5,36.06,16,57.86,52.33,Medium
10,1346312,21,11,8.22,105,38.25,7,8.0,5,76.84,6,69.42,63.12,Medium
6,1673312,19,7,3.8,83,58.42,7,9.4,5,58.72,2,56.51,48.11,Medium
4,145462,13,19,7.76,142,85.61,3,3.9,1,62.95,19,91.53,71.5,High
8,1498021,14,2,9.64,115,99.05,3,7.5,5,33.44,12,59.83,53.26,Medium
24,1548585,10,15,2.04,108,90.06,3,6.7,6,43.37,18,87.34,57.13,Medium
12,820173,11,29,5.23,135,43.43,6,1.6,1,85.34,6,84.11,72.74,High
6,622203,2,12,2.87,40,27.56,6,2.0,7,61.78,8,52.84,50.68,Medium
24,1365352,9,22,7.93,111,54.05,3,12.6,1,51.12,18,38.41,78.37,High
20,1727456,17,27,5.78,146,76.75,3,4.0,2,56.88,12,52.49,72.69,High
14,708956,3,18,6.35,111,54.33,8,3.3,2,89.81,7,86.1,69.17,High
4,1470499,6,7,7.98,102,53.49,8,7.8,5,82.43,17,38.21,64.74,Medium
12,1497960,5,21,3.96,45,85.44,7,11.6,7,49.06,1,61.95,45.78,Medium
6,1730963,5,4,9.15,67,42.53,4,1.4,1,38.23,17,84.49,66.93,High
16,581849,22,19,5.33,121,87.38,4,8.9,1,47.64,17,48.28,64.64,Medium
18,517010,15,7,1.58,14,46.61,3,2.2,1,94.45,10,71.38,39.36,Medium
17,1705016,23,23,6.96,128,39.54,5,1.0,6,70.71,0,39.65,75.61,High
10,1747900,17,11,7.93,110,50.86,3,1.3,2,67.34,13,28.74,71.14,High
16,436193,9,0,3.17,23,78.62,8,12.6,1,71.75,15,83.55,41.53,Medium
10,76734,3,24,8.57,26,21.34,7,2.2,6,55.62,10,27.92,73.53,High
23,973875,20,29,9.06,39,27.68,3,1.2,2,86.5,0,41.71,72.7,High
18,76069,17,20,2.77,23,95.63,9,6.8,6,66.63,6,88.41,46.05,Medium
15,1833841,10,19,9.84,23,25.79,5,12.7,8,38.17,15,47.72,73.81,High
20,587198,3,5,1.41,3,61.1,9,4.3,2,39.03,13,97.84,40.62,Medium
17,1434199,18,21,2.02,66,62.14,7,6.6,9,67.58,14,98.38,54.48,Medium
23,520951,18,17,1.84,33,54.07,7,1.1,8,95.56,13,41.46,55.88,Medium
15,131264,17,7,8.94,115,68.03,6,7.0,1,51.58,10,23.28,65.77,High
11,73275,3,6,6.54,22,30.68,2,8.9,7,90.87,15,76.41,50.6,Medium
17,646562,3,0,1.52,108,59.74,9,8.8,6,83.49,18,56.08,43.05,Medium
15,1573241,6,20,4.4,68,43.5,6,5.3,6,47.35,16,28.06,71.06,High
3,412920,13,15,6.15,94,69.55,8,5.1,6,32.54,5,76.6,67.61,High
9,241076,15,11,0.83,61,22.71,1,2.0,6,37.13,10,22.49,55.09,Medium
11,1292629,9,5,8.82,56,61.38,5,5.8,7,80.99,16,89.62,54.81,Medium
3,1052163,4,19,8.04,53,26.67,1,1.9,3,43.98,8,31.09,66.78,High
14,1808489,14,1,5.05,69,35.08,8,11.6,6,55.99,17,30.18,60.26,Medium
10,622735,5,28,9.67,100,29.68,8,14.5,3,65.12,16,34.05,84.88,High
13,962826,2,13,4.18,56,26.46,1,14.6,7,80.78,11,96.82,39.3,Medium
21,649991,11,3,9.84,137,84.31,9,13.0,7,37.93,4,75.45,60.9,Medium
19,912522,9,0,6.68,134,35.71,2,9.2,8,58.45,10,84.11,53.04,Medium
10,853692,3,22,6.35,102,93.44,9,10.7,2,63.96,3,51.81,58.17,Medium
5,1211157,9,17,1.66,84,97.29,1,4.6,9,67.86,3,46.91,36.4,Medium
5,1364532,3,12,8.82,60,61.41,9,9.6,5,87.29,2,38.76,53.51,Medium
3,471240,2,1,4.27,2,22.87,4,7.1,9,42.02,16,58.45,47.36,Medium
7,1812592,12,8,1.62,127,43.71,9,7.5,5,86.55,6,64.15,53.57,Medium
12,952580,10,20,0.13,85,81.8,7,11.5,7,78.5,3,70.54,40.84,Medium
9,994789,9,1,5.6,46,43.07,6,4.6,9,68.91,12,40.57,53.69,Medium
11,1059940,15,26,5.27,75,17.83,5,5.1,4,78.97,11,95.89,73.72,High
9,166421,8,24,7.19,37,60.11,9,13.9,2,58.84,0,33.58,62.39,Medium
11,575893,5,8,8.9,140,86.06,2,1.3,9,39.69,18,97.25,61.15,Medium
10,1562950,11,0,0.79,86,81.63,2,7.5,2,76.6,19,21.19,41.67,Medium
14,122303,2,10,7.31,57,25.76,9,13.7,3,66.73,17,58.49,64.57,Medium
4,208211,15,2,1.87,49,70.55,3,9.4,2,74.76,10,46.67,35.97,Medium
3,1044653,6,19,8.58,29,29.85,8,8.4,3,53.66,19,55.93,76.98,High
18,237210,8,29,8.19,100,29.64,9,4.1,6,93.48,2,65.65,76.41,High
7,1884813,5,22,5.41,24,88.67,8,5.5,3,71.12,16,54.85,64.74,Medium
5,912557,16,25,7.1,111,32.47,4,12.9,8,35.98,11,53.19,69.08,High
14,194990,18,3,3.14,125,33.69,1,8.6,6,61.49,9,78.62,49.13,Medium
10,1257094,6,17,4.71,122,10.06,4,8.0,7,82.94,7,74.87,58.12,Medium
24,174040,5,22,8.22,46,88.36,9,1.9,1,85.59,14,86.66,73.04,High
5,718406,16,5,4.59,117,81.33,2,0.7,3,64.62,4,40.0,46.71,Medium
3,1621714,13,2,3.58,38,66.46,3,14.5,3,92.63,3,68.76,23.91,Low
5,468034,5,21,4.94,15,77.52,8,6.0,2,48.74,19,66.82,61.37,Medium
7,806254,13,10,8.28,21,23.68,6,9.2,7,58.74,18,49.58,62.52,Medium
17,1083255,17,14,3.35,53,51.25,8,1.7,9,92.9,3,58.88,47.42,Medium
16,840756,18,21,1.74,148,41.61,7,10.4,4,92.74,14,45.1,65.43,High
5,1961331,8,27,7.12,15,18.44,5,14.0,5,78.0,16,31.35,67.2,High
3,845543,13,4,8.26,58,53.75,9,8.8,3,90.13,11,37.1,53.53,Medium
7,1005614,19,19,1.01,30,92.87,4,2.3,9,36.21,2,28.44,40.88,Medium
16,590677,3,9,2.4,31,13.61,6,8.9,4,90.55,9,74.65,49.74,Medium
9,1745041,8,11,1.42,8,36.23,2,11.6,5,52.44,14,72.86,42.32,Medium
11,1402147,2,14,3.48,138,28.68,2,6.4,1,42.48,9,96.05,65.72,High
17,1047083,8,16,4.5,9,31.43,2,13.3,2,46.76,17,78.37,54.87,Medium
17,1782682,13,9,7.49,16,91.76,7,9.9,9,59.26,0,24.16,40.69,Medium
12,1221459,13,5,6.51,67,52.13,2,13.5,2,47.58,2,90.74,39.94,Medium
15,1841822,1,17,6.21,47,51.97,2,9.5,5,52.44,11,89.01,52.35,Medium
21,812501,6,12,3.52,110,78.45,9,2.4,8,39.45,0,55.47,59.27,Medium
9,437952,19,2,8.41,122,23.9,7,5.0,3,50.73,2,66.87,71.32,High
19,162221,16,29,4.71,148,53.85,3,3.4,6,70.06,2,98.09,67.24,High
22,1080117,8,23,9.79,100,48.7,3,13.7,4,60.93,4,62.58,62.35,Medium
6,849666,1,9,6.34,101,63.72,7,11.5,7,54.27,18,92.43,55.41,Medium
7,310669,16,29,1.26,64,99.96,5,10.3,3,82.25,0,26.64,43.56,Medium
9,809224,9,13,6.76,50,79.25,6,4.9,6,92.55,3,35.28,51.3,Medium
15,889873,13,5,3.25,35,45.81,8,3.2,9,82.98,3,55.26,39.02,Medium
17,575134,11,2,6.86,80,84.48,9,11.5,1,53.24,16,66.78,59.99,Medium
13,1633818,13,15,0.7,126,25.36,1,7.4,3,82.11,13,85.3,52.44,Medium
6,1439959,21,6,1.75,87,12.74,3,3.8,2,40.64,17,99.06,62.36,Medium
15,294761,10,19,8.56,103,28.4,7,9.4,8,39.12,0,51.11,73.9,High
9,882946,4,13,2.27,14,40.64,6,1.1,7,54.19,15,23.79,58.72,Medium
21,924668,6,8,8.37,95,55.95,7,5.2,2,86.54,2,84.09,59.92,Medium
24,1982587,7,14,2.79,122,65.36,8,7.3,6,47.24,8,68.35,59.57,Medium
4,187541,5,20,6.43,0,91.95,6,2.6,3,34.43,3,35.88,57.81,Medium
12,997609,11,2,6.94,121,55.89,3,14.8,8,39.22,4,59.59,49.45,Medium
15,1927109,13,1,5.13,125,55.11,2,3.5,3,90.11,10,79.38,50.88,Medium
23,114323,19,26,3.05,56,14.52,7,2.4,9,74.36,8,81.63,70.1,High
8,666210,23,1,2.13,80,13.14,1,3.5,1,47.72,2,59.97,49.67,Medium
14,1287715,10,2,0.33,72,59.6,3,11.7,5,68.87,5,44.42,34.11,Low
14,1279024,10,17,3.04,140,49.44,4,6.7,3,66.93,10,97.9,64.17,Medium
22,1799523,11,13,6.53,69,85.53,1,8.7,6,75.88,8,73.07,42.91,Medium
13,1004480,21,19,9.38,5,24.46,5,0.8,2,46.32,14,52.66,72.3,High
9,285659,7,17,8.71,83,12.25,3,1.0,9,90.51,2,42.44,67.71,High
3,439678,18,9,7.66,51,50.41,2,7.0,6,51.66,0,78.49,49.24,Medium
3,904016,4,24,7.88,2,31.37,3,12.3,7,78.59,19,39.37,66.52,High
22,1203113,2,1,6.65,80,14.47,8,13.3,5,31.13,18,33.74,65.07,High
15,914909,14,24,2.6,62,75.21,6,1.8,9,56.09,13,62.39,59.9,Medium
11,291983,13,28,9.07,48,20.04,7,8.3,1,54.62,16,43.2,85.22,High
5,1665397,12,21,6.71,75,64.75,6,13.7,5,68.04,13,70.31,56.14,Medium
9,838260,7,0,5.6,111,35.29,6,6.1,6,35.09,16,29.44,65.11,High
8,1100493,2,3,1.11,108,25.61,3,12.5,7,85.31,13,72.4,44.97,Medium
10,332762,13,13,4.47,64,44.18,8,2.4,4,45.24,11,42.66,62.2,Medium
11,1655118,14,0,4.6,80,82.13,7,14.1,1,77.39,15,20.02,46.68,Medium
7,836275,17,13,8.65,14,45.29,7,11.4,8,86.22,0,30.15,51.78,Medium
3,1466012,9,15,5.47,99,77.57,6,14.1,4,69.33,12,94.69,49.78,Medium
21,1608506,17,21,3.8,31,21.29,5,10.3,3,81.86,5,89.39,49.22,Medium
12,621650,8,13,9.77,95,79.55,8,5.8,7,76.33,16,38.69,74.64,High
14,332272,2,28,1.11,127,31.32,5,14.1,2,54.89,11,82.27,63.32,Medium
17,435925,13,19,4.23,145,70.97,9,4.5,8,86.62,18,68.69,66.16,High
24,816641,3,2,0.42,112,60.92,9,5.3,6,50.63,5,97.67,40.97,Medium
11,764743,16,2,7.4,82,93.62,1,10.7,7,69.98,6,49.89,40.84,Medium
22,639833,6,8,9.18,42,44.86,6,11.6,5,82.18,0,74.52,51.08,Medium
19,1180756,19,5,2.8,115,15.95,7,14.0,9,56.53,0,25.08,50.74,Medium
19,1710822,7,24,8.58,77,11.72,3,3.5,5,51.19,4,51.7,72.44,High
22,453081,10,12,2.92,57,84.42,7,12.1,5,62.15,5,97.11,43.68,Medium
14,969723,9,20,9.11,32,57.23,7,11.2,3,87.26,15,63.12,63.71,Medium
9,351953,2,1,7.54,13,79.77,2,1.4,1,95.09,15,43.03,44.62,Medium
4,428892,15,7,8.05,131,31.1,7,6.1,2,68.16,13,29.62,73.96,High
5,55287,5,20,0.18,58,41.06,1,4.6,8,76.3,0,76.28,39.72,Medium
19,1356241,22,1,9.63,82,12.71,5,4.9,1,93.23,12,71.59,69.19,High
7,1107088,4,3,7.27,133,96.53,9,14.8,7,36.9,19,49.92,63.6,Medium
19,706702,20,24,3.05,120,70.11,7,9.8,5,46.25,9,96.08,59.66,Medium
19,1554868,4,14,8.29,82,93.99,7,10.9,3,79.62,9,21.78,62.34,Medium
19,1207448,18,3,2.82,26,33.89,2,14.7,7,87.66,8,44.3,34.69,Low
4,1870618,4,12,8.73,79,65.03,8,6.0,9,89.99,12,93.69,64.73,Medium
4,143070,17,27,1.13,133,71.06,3,12.1,2,59.06,2,45.67,52.1,Medium
24,1702631,12,11,7.04,12,38.58,8,6.8,8,36.25,17,40.18,64.93,Medium
7,672117,22,27,5.41,63,86.33,3,13.1,9,60.64,19,62.74,54.98,Medium
3,994118,17,12,0.97,146,95.24,7,3.1,3,46.15,1,85.9,53.52,Medium
3,1528050,10,13,2.42,79,89.64,2,14.2,2,50.38,16,28.25,41.1,Medium
21,1061293,22,19,0.12,122,76.52,4,3.7,7,84.06,18,95.44,53.13,Medium
4,1140654,1,17,4.69,42,34.97,6,5.2,5,35.29,12,83.61,61.38,Medium
23,1467008,22,28,3.01,88,35.35,9,11.5,5,87.93,12,34.5,65.73,High
14,657812,18,27,5.98,147,96.7,5,6.2,5,59.94,0,76.96,65.13,High
8,277645,18,5,2.97,94,10.93,9,9.3,4,71.72,1,50.8,57.14,Medium
6,1635083,14,28,3.0,1,74.44,5,6.9,5,36.28,0,52.18,51.36,Medium
13,836667,15,10,7.43,119,73.56,8,11.3,4,53.62,4,82.66,61.9,Medium
19,1403649,12,29,0.48,21,66.04,1,3.8,6,36.28,2,97.02,43.12,Medium
8,1225885,4,1,9.03,114,99.11,7,1.3,4,97.31,6,30.13,56.35,Medium
7,1428164,3,27,8.52,56,38.07,4,4.8,2,86.51,12,53.65,73.9,High
22,1762503,20,22,6.68,71,40.6,5,7.4,9,62.17,17,58.48,64.08,Medium
4,938266,12,18,5.93,6,17.1,6,2.9,2,45.65,6,50.1,66.46,High
8,1562584,7,18,8.92,118,49.85,5,5.6,9,95.34,0,49.06,65.56,High
24,1819377,11,4,1.85,113,33.49,1,6.3,6,54.12,4,24.18,47.74,Medium
13,396699,1,18,0.79,15,40.9,9,1.3,9,41.27,16,74.84,60.07,Medium
18,1434418,6,1,2.4,82,85.11,2,9.0,9,69.42,7,54.9,31.93,Low
18,436594,15,9,7.95,71,94.19,9,13.3,3,96.06,14,35.58,49.79,Medium
3,822608,15,24,0.35,123,26.72,2,2.7,1,30.27,19,85.28,68.07,High
11,1759351,19,1,5.83,112,43.53,9,9.2,1,46.67,3,84.2,57.95,Medium
8,1790095,11,29,9.95,11,93.58,6,10.1,3,95.69,1,58.91,54.8,Medium
18,1142501,23,10,8.56,125,15.56,9,6.6,5,41.98,4,43.88,72.46,High
5,1094027,2,17,5.21,52,18.31,6,10.7,3,37.93,0,71.05,58.52,Medium
22,187023,14,28,0.64,74,24.65,6,6.5,9,69.91,4,43.05,59.22,Medium
6,1185964,2,23,8.31,132,63.57,2,7.8,9,90.33,5,38.88,62.73,Medium
21,582295,4,14,5.99,26,23.54,8,0.6,3,63.4,1,78.44,63.92,Medium
5,1356378,17,8,1.15,139,97.13,3,10.5,3,99.62,0,23.23,36.78,Medium
21,1533624,3,22,0.94,144,50.2,7,10.1,5,77.54,3,27.58,56.88,Medium
22,108596,13,18,9.1,133,55.14,5,1.1,2,35.19,6,20.54,84.5,High
9,998027,9,8,6.69,96,32.2,3,5.8,6,99.5,0,32.24,54.54,Medium
22,401005,7,2,8.29,4,52.39,1,14.7,7,58.55,0,25.52,37.4,Medium
11,1878130,15,20,8.79,56,69.57,8,6.6,9,50.12,7,99.66,64.22,Medium
3,923172,23,8,5.72,77,77.61,3,7.8,6,69.05,19,43.1,48.19,Medium
10,1638388,11,27,5.17,68,77.85,2,13.7,3,51.3,15,31.94,62.57,Medium
9,572244,20,29,4.3,117,62.01,1,10.9,5,36.05,12,39.28,65.76,High
20,1511074,2,13,3.17,119,91.39,4,8.9,4,30.1,17,94.89,59.44,Medium
10,729290,15,18,4.35,58,83.57,8,12.1,5,61.47,19,61.61,59.85,Medium
3,549097,14,6,7.74,32,78.13,3,13.0,8,88.58,9,49.19,40.35,Medium
13,699789,20,15,6.02,61,15.0,1,7.1,8,70.06,11,89.87,54.68,Medium
20,1905619,22,15,8.93,49,10.62,4,7.4,6,99.94,0,51.6,56.7,Medium
12,1246632,11,27,4.43,111,29.12,9,6.1,1,50.08,9,46.8,78.58,High
5,1112636,3,0,6.07,18,69.72,1,14.5,8,49.63,8,36.58,32.79,Low
9,1836921,17,3,6.31,122,47.01,2,10.6,8,41.18,2,50.22,48.03,Medium
18,1575848,12,3,5.92,46,46.22,9,1.7,2,41.48,18,45.33,66.11,High
18,1617121,21,6,7.03,32,89.61,2,13.0,4,49.96,8,74.18,36.1,Medium
22,879735,15,7,2.37,140,90.6,3,7.5,2,85.5,9,43.17,50.39,Medium
19,1288855,16,16,5.12,83,91.83,7,1.5,4,93.4,18,66.18,56.86,Medium
4,780406,5,4,1.04,134,38.25,3,8.5,7,98.26,15,25.27,51.97,Medium
3,1783223,20,6,3.85,78,72.2,9,6.5,9,46.26,17,35.3,60.08,Medium
18,1138287,6,27,4.88,13,34.45,6,13.2,8,91.69,13,52.59,57.05,Medium
14,1241602,19,19,6.52,146,27.15,3,3.5,9,52.98,2,94.96,70.6,High
7,385484,5,28,9.51,127,26.62,9,12.5,8,37.9,1,50.18,81.62,High
7,515317,3,19,6.01,53,40.79,1,8.6,2,90.9,0,73.13,51.69,Medium
11,1039024,1,3,7.44,147,48.7,3,1.3,7,74.53,17,40.41,65.34,High
11,268134,6,27,5.06,28,84.79,1,14.6,2,41.53,8,30.16,49.82,Medium
5,1201550,15,5,6.34,23,20.79,2,7.9,2,60.09,12,24.68,55.47,Medium
21,1248222,2,6,0.71,81,76.14,8,4.7,4,50.11,1,44.43,43.21,Medium
18,1500976,3,17,2.54,62,57.83,7,7.3,1,81.58,6,32.61,54.58,Medium
18,1248744,17,4,3.62,104,35.92,2,12.9,5,61.74,15,33.92,48.32,Medium
5,1690592,12,19,4.72,56,54.35,2,4.9,6,99.25,18,80.86,53.99,Medium
22,739376,18,29,0.46,135,36.99,9,3.3,9,33.83,14,21.27,73.9,High
24,1634110,15,28,1.4,61,63.65,6,2.4,8,54.85,10,64.62,55.23,Medium
3,488774,12,2,2.77,16,49.05,5,4.8,2,63.73,0,50.36,35.56,Medium
22,561937,16,6,9.72,65,24.8,6,11.8,1,65.22,6,60.52,58.05,Medium
13,461597,8,26,3.31,5,20.49,9,7.3,2,52.12,19,65.03,66.59,High
19,964228,14,27,4.82,57,59.2,7,3.8,7,81.05,7,45.07,66.7,High
10,1003959,17,21,1.96,68,91.22,9,2.9,4,91.23,9,43.61,49.69,Medium
6,142263,21,13,6.11,61,40.96,4,5.3,5,95.71,4,78.67,53.89,Medium
8,971522,8,6,2.81,81,75.97,2,14.1,7,86.36,8,89.7,29.03,Low
10,1634166,15,4,2.07,70,69.28,8,5.5,3,89.54,0,35.41,44.24,Medium
22,903938,14,28,5.17,130,93.84,4,14.8,2,68.54,1,27.81,58.17,Medium
5,1664021,18,21,0.06,9,83.89,9,7.5,7,87.81,18,91.82,41.62,Medium
18,1677781,20,4,0.08,97,60.99,4,3.1,5,51.25,13,47.99,46.96,Medium
5,1322386,7,29,2.19,88,69.13,8,13.4,1,57.89,19,64.11,65.04,High
20,1195222,3,22,0.37,34,90.85,9,7.2,1,52.18,9,48.76,51.37,Medium
16,395266,12,1,1.08,1,45.96,9,10.8,9,62.72,8,30.06,30.7,Low
20,1909527,21,29,3.39,123,39.41,4,14.8,5,49.99,9,67.15,70.25,High
4,1588601,3,26,8.03,23,10.97,1,1.2,1,97.31,5,62.01,67.67,High
24,530703,20,20,5.72,73,84.39,3,1.9,7,51.9,16,36.24,62.13,Medium
5,1024323,14,21,5.13,21,82.09,9,10.9,9,36.86,5,56.15,54.39,Medium
18,393054,15,5,2.93,38,19.4,4,4.6,1,66.88,3,83.76,44.78,Medium
11,956862,14,14,9.32,19,61.92,5,3.2,4,34.0,19,67.23,72.52,High
6,1956332,7,20,3.97,40,51.76,7,1.1,3,37.74,2,27.75,62.66,Medium
3,1366128,17,9,0.87,147,20.68,5,0.8,5,45.36,18,63.84,69.77,High
6,1157955,12,22,6.17,107,98.25,4,11.7,7,62.5,17,76.22,55.18,Medium
3,1123629,20,25,1.14,146,29.32,2,2.4,8,60.33,3,83.42,65.31,High
16,1501238,4,23,3.45,83,16.05,2,7.3,2,85.98,7,70.33,63.0,Medium
23,1754858,9,6,5.07,110,63.54,4,9.3,7,81.76,16,32.21,50.24,Medium
18,148723,6,4,8.74,65,76.5,9,6.7,1,59.84,4,76.81,52.83,Medium
22,625644,16,0,4.94,52,12.92,8,0.9,7,53.36,12,74.19,57.16,Medium
10,1371509,22,12,7.02,33,69.28,3,11.9,8,52.15,0,21.95,49.46,Medium
9,1982728,22,20,9.93,149,57.91,9,0.7,2,84.18,12,52.94,84.44,High
5,903088,21,25,1.31,66,19.29,5,11.5,9,33.65,3,46.64,56.19,Medium
19,1929036,21,17,2.75,133,25.53,3,13.5,1,30.9,13,73.55,59.84,Medium
3,1949492,2,12,3.95,26,61.12,5,6.8,6,85.69,2,37.29,41.34,Medium
18,1130730,8,20,4.22,9,36.67,4,8.3,1,63.4,4,67.27,53.15,Medium
14,1312518,11,20,4.11,72,94.45,8,7.4,3,39.16,6,93.06,60.11,Medium
21,314480,13,17,9.08,95,83.69,5,6.1,6,46.49,0,83.82,60.7,Medium
24,1464397,17,4,7.14,47,98.52,8,13.4,3,95.28,11,93.72,43.91,Medium
24,1952787,8,12,6.08,69,33.37,9,13.5,8,90.17,10,98.28,54.59,Medium
16,331173,21,3,3.09,99,97.28,4,5.4,5,79.68,7,20.85,36.29,Medium
8,895633,18,16,8.24,58,48.81,7,9.4,2,63.76,5,69.82,61.14,Medium
8,1130841,18,2,9.55,1,41.28,2,13.9,4,66.42,1,53.03,42.04,Medium
15,1463636,14,16,8.21,64,14.53,6,14.4,9,98.27,18,88.79,67.45,High
21,1341898,15,27,0.02,82,14.75,8,7.9,4,97.6,19,40.15,71.08,High
24,1084057,6,10,6.36,9,72.28,7,7.1,8,45.07,19,98.48,50.06,Medium
10,1273520,11,20,0.51,52,51.21,7,4.5,5,86.78,13,69.1,49.94,Medium
4,1669061,13,19,2.58,78,30.39,8,14.4,1,43.81,0,83.48,52.42,Medium
23,1546972,1,22,0.6,58,65.26,7,2.6,7,44.95,9,26.85,61.53,Medium
3,1253358,6,20,6.04,149,32.76,5,8.9,3,77.33,15,34.68,79.53,High
17,1783422,9,25,6.87,47,61.99,7,4.6,8,58.35,3,80.67,65.12,High
3,1170483,8,29,1.14,148,42.33,3,4.5,3,95.21,10,21.76,66.88,High
7,252967,11,3,3.84,122,84.12,5,6.4,1,36.23,15,85.35,54.15,Medium
18,1949443,22,1,4.56,21,83.86,7,15.0,5,65.81,19,21.12,40.31,Medium
21,1401351,19,19,3.69,99,52.96,9,1.3,2,94.3,0,72.57,58.61,Medium
6,1489758,9,15,1.21,97,41.57,2,8.9,4,93.29,15,49.21,50.71,Medium
5,1855468,17,27,4.19,24,42.63,4,1.7,1,40.96,18,68.92,66.52,High
19,1380823,12,17,7.51,27,82.51,7,2.7,9,55.66,8,75.68,53.34,Medium
19,114772,14,7,0.71,112,39.54,1,6.9,6,73.34,8,47.4,47.92,Medium
14,176108,15,2,0.8,44,28.82,2,7.9,8,41.16,8,28.64,41.71,Medium
16,1112958,16,8,3.55,67,17.62,9,4.3,4,97.76,16,25.57,61.8,Medium
23,1182867,22,28,9.42,6,52.0,7,5.1,9,94.03,11,67.11,67.32,High
8,413339,22,19,6.69,48,53.39,7,1.8,2,41.69,12,61.65,70.09,High
5,1757692,20,28,6.79,136,85.68,6,4.9,9,38.48,7,79.38,74.32,High
11,1381329,1,5,3.62,82,29.91,3,14.5,5,35.98,15,60.78,53.83,Medium
7,197550,10,9,5.94,128,44.29,3,14.2,6,93.66,17,53.8,58.65,Medium
19,1330626,8,20,0.1,137,82.76,2,5.4,3,43.55,0,51.85,52.0,Medium
16,482882,18,9,6.36,72,84.13,6,8.8,4,59.14,0,22.12,46.46,Medium
23,387827,1,12,9.13,45,44.61,4,13.7,6,61.42,11,46.84,56.33,Medium
5,1097843,2,16,6.13,105,51.32,5,0.6,7,71.93,5,98.08,61.93,Medium
3,1590889,1,8,8.74,31,37.3,3,12.3,1,35.02,8,89.88,53.93,Medium
22,1485434,1,16,7.24,5,93.93,6,14.3,7,45.87,4,46.35,47.17,Medium
23,1753194,9,23,1.21,144,20.68,3,1.8,1,95.2,15,67.02,68.27,High
3,645603,13,8,9.02,73,94.04,8,2.8,5,93.59,17,87.78,56.33,Medium
5,1962842,1,8,0.66,113,71.55,9,14.4,6,84.69,16,55.3,44.38,Medium
20,438349,13,0,5.34,26,57.84,4,8.3,2,31.36,17,21.44,56.16,Medium
12,1112729,20,1,1.42,53,12.94,9,0.7,9,52.89,0,25.96,46.57,Medium
24,1076919,22,27,0.12,84,52.8,7,4.2,6,73.96,18,60.83,64.6,Medium
5,1699189,7,15,4.22,126,46.7,3,7.0,7,49.26,7,97.56,56.89,Medium
10,1339349,2,28,2.95,110,24.51,7,10.5,8,93.67,2,75.46,56.46,Medium
16,1153894,6,0,4.86,14,69.08,1,11.1,1,74.37,4,25.67,32.02,Low
20,444030,7,9,5.77,131,97.4,3,14.9,8,35.03,7,35.15,50.36,Medium
17,1475753,14,17,0.44,92,60.6,6,4.7,4,93.63,18,81.71,53.87,Medium
24,126077,18,25,1.23,122,74.33,4,8.3,8,97.04,17,87.32,57.79,Medium
4,926906,15,27,5.59,72,16.16,7,8.2,6,35.44,17,69.42,76.86,High
12,183515,2,7,3.43,146,47.59,3,6.4,9,67.27,0,71.55,43.78,Medium
4,1043497,10,20,7.29,91,20.47,1,3.0,4,51.24,14,22.27,81.07,High
19,1305564,23,27,6.52,16,65.15,9,14.7,2,57.5,17,86.28,63.29,Medium
10,1958327,12,10,8.46,42,94.46,6,12.9,2,42.58,6,83.06,50.37,Medium
3,175885,17,22,6.92,120,69.56,8,7.7,5,70.47,15,40.72,76.78,High
11,946209,8,1,4.3,40,16.91,3,9.2,9,97.06,15,76.69,40.3,Medium
13,591656,11,7,6.73,38,41.92,8,3.8,3,65.22,14,37.19,65.39,High
24,720688,3,26,2.75,112,59.56,2,8.4,8,35.8,5,23.23,56.61,Medium
18,238014,6,21,3.06,110,46.29,4,10.6,4,73.4,8,36.09,56.88,Medium
9,141751,9,7,7.89,46,85.03,3,8.0,6,53.82,6,34.29,44.31,Medium
12,280203,6,16,4.46,62,83.32,1,14.9,6,89.91,13,47.02,44.63,Medium
5,863738,9,14,7.98,109,65.06,7,9.4,3,60.43,10,53.48,64.18,Medium
20,745275,7,16,8.22,68,43.61,2,5.9,5,43.5,15,60.68,70.22,High
15,873651,9,27,8.58,42,32.98,4,11.7,3,43.38,5,58.14,73.8,High
9,1310527,18,22,9.17,33,19.53,9,3.0,1,83.81,15,41.65,82.19,High
6,1603731,12,23,4.31,39,41.94,6,6.1,7,48.59,19,22.33,68.92,High
15,245716,8,12,3.19,60,47.19,8,5.5,4,83.71,15,68.41,55.95,Medium
22,634567,8,18,5.82,61,70.82,2,6.8,7,44.41,11,51.66,54.82,Medium
3,365172,18,4,3.71,57,69.23,7,11.8,3,52.52,16,43.89,48.35,Medium
10,940695,20,11,6.01,74,16.31,6,7.5,5,62.58,4,89.36,60.11,Medium
16,50126,15,0,7.06,15,45.57,9,12.0,5,96.02,12,79.74,49.56,Medium
18,888761,7,22,6.88,81,26.36,7,8.9,2,95.22,7,88.62,71.56,High
16,1126208,11,4,3.75,93,24.11,1,5.5,2,44.48,4,59.6,55.38,Medium
14,550315,20,7,1.67,47,84.46,8,12.2,4,55.08,11,30.47,45.26,Medium
21,1819246,16,12,4.31,137,13.77,3,4.0,4,40.46,8,75.7,67.44,High
17,1208521,4,7,1.43,81,47.73,2,3.8,4,65.7,2,36.49,45.11,Medium
4,367320,6,24,8.9,37,25.14,3,7.8,6,62.24,2,55.3,69.49,High
4,1349445,22,22,3.46,126,89.14,6,4.3,2,93.05,0,25.2,56.31,Medium
24,791426,3,10,1.54,18,60.13,3,0.6,6,95.1,17,86.02,46.43,Medium
21,548716,9,0,0.25,62,30.82,5,9.9,7,56.85,11,30.08,39.45,Medium
24,1093917,10,12,6.46,76,55.22,6,7.9,3,64.42,8,92.25,58.43,Medium
24,1273975,14,18,6.37,130,75.83,8,7.0,8,92.74,8,89.14,63.07,Medium
19,512120,11,23,3.41,101,96.23,7,14.5,2,86.47,17,57.17,60.65,Medium
22,1233445,18,2,0.72,64,29.84,8,8.8,8,30.26,17,79.55,46.77,Medium
12,228954,22,23,4.1,119,89.76,3,13.0,5,52.4,6,69.56,55.55,Medium
8,719078,12,16,3.11,90,94.09,4,2.5,2,59.52,3,84.25,49.65,Medium
17,1133136,23,4,6.77,7,92.48,6,8.8,7,46.08,12,54.54,41.02,Medium
24,1961597,12,19,6.06,72,67.19,7,13.1,2,43.97,16,82.86,66.4,High
13,334260,13,20,3.65,133,66.68,9,9.0,6,32.64,1,57.0,63.84,Medium
7,182717,13,7,2.18,106,46.29,1,10.9,3,75.04,13,95.28,45.76,Medium
3,1277171,19,25,9.88,88,77.72,8,5.9,9,48.38,2,58.91,69.58,High
10,698373,19,13,4.54,38,57.82,8,1.8,3,33.66,4,57.01,58.77,Medium
23,429862,23,3,6.88,112,70.97,6,7.1,3,46.17,13,82.81,60.0,Medium
14,1904264,14,10,1.41,27,48.56,4,6.2,5,86.13,2,85.73,34.42,Low
14,544592,4,19,4.86,96,75.83,3,13.1,7,89.6,6,64.36,44.18,Medium
7,1198734,13,14,0.28,36,84.2,3,4.0,8,63.81,17,34.38,47.21,Medium
9,1807109,8,18,5.05,136,23.18,6,14.5,7,59.12,12,57.42,67.39,High
6,1267078,23,6,9.64,81,84.96,8,14.4,9,98.45,9,97.45,49.66,Medium
8,1531074,21,18,3.84,55,58.63,7,4.1,5,44.04,12,80.24,59.85,Medium
15,380388,23,27,0.39,84,86.02,1,5.5,3,45.08,15,84.89,52.41,Medium
22,1765630,19,18,0.31,1,48.82,6,13.5,6,50.43,8,22.63,41.29,Medium
17,368408,12,10,3.88,57,44.11,7,14.5,5,42.09,1,57.43,45.85,Medium
5,518276,18,25,1.6,106,92.36,7,6.9,4,56.56,4,71.73,55.21,Medium
10,1064920,6,4,0.23,122,32.61,9,5.2,2,93.76,16,86.4,54.71,Medium
22,107545,18,4,7.56,113,85.98,5,8.1,7,73.07,3,23.94,50.26,Medium
18,561411,19,29,4.59,106,53.56,1,10.5,5,58.84,16,88.2,61.63,Medium
15,875656,22,21,2.89,36,56.27,2,4.5,4,95.41,8,63.87,48.17,Medium
20,1070020,5,7,9.0,78,37.76,4,11.2,8,33.39,19,35.79,63.4,Medium
12,934377,9,9,1.16,91,61.57,5,1.2,9,44.72,1,45.38,42.9,Medium
21,63224,3,5,9.56,17,39.27,9,1.2,9,69.61,17,42.55,70.7,High
19,90738,10,14,3.14,97,13.53,1,6.1,3,73.09,10,62.47,59.33,Medium
21,992654,19,15,8.88,62,34.48,3,5.6,3,32.77,12,24.13,74.67,High
7,1948739,3,27,6.03,149,10.57,5,5.1,5,58.21,7,32.68,82.54,High
23,1279336,22,16,8.27,138,98.05,3,7.6,5,75.44,0,85.02,59.03,Medium
11,1067433,15,7,9.84,3,96.92,4,5.2,2,78.86,16,30.61,54.6,Medium
14,1862554,1,7,2.88,134,45.56,3,3.3,1,74.67,11,38.67,61.08,Medium
23,516725,7,24,9.61,60,75.55,4,5.0,8,52.44,3,56.27,63.68,Medium
3,713937,12,8,3.89,106,41.12,1,14.6,3,36.55,12,61.37,56.19,Medium
3,1630934,17,1,3.86,53,70.4,8,6.5,1,59.9,8,81.09,48.45,Medium
17,1224737,21,14,3.4,87,82.49,4,6.9,1,39.01,6,55.79,56.21,Medium
4,1631530,20,17,5.41,67,95.21,7,8.9,2,96.33,4,83.19,44.57,Medium
24,894193,5,2,1.54,128,46.02,2,14.8,6,63.26,4,69.47,34.35,Low
18,348512,4,16,5.54,54,80.5,2,4.0,6,52.21,16,29.05,55.59,Medium
10,712143,12,3,5.42,2,33.93,6,10.4,3,83.64,8,32.51,42.24,Medium
15,616202,20,29,7.62,120,99.13,2,10.9,4,64.86,5,54.96,66.26,High
23,1300155,18,3,8.34,128,12.32,6,9.3,2,51.7,18,51.75,69.99,High
3,702026,17,13,4.4,101,64.32,2,1.8,2,86.84,15,79.48,53.32,Medium
18,1046530,19,8,3.02,37,69.36,4,10.3,7,90.7,1,66.46,29.15,Low
9,821253,9,8,2.59,84,71.92,7,1.4,1,77.11,9,51.05,49.93,Medium
7,554471,4,24,1.95,132,20.83,8,9.1,7,33.29,15,33.66,73.22,High
24,1428246,21,25,0.58,91,94.47,3,11.2,1,69.64,4,38.15,48.9,Medium
5,856388,2,22,3.42,20,26.31,9,3.6,6,83.43,14,66.04,64.15,Medium
14,1317543,4,29,2.7,108,66.05,2,12.7,3,39.56,12,53.88,57.07,Medium
18,1931248,2,17,9.66,46,30.04,8,0.9,8,46.01,12,61.19,76.78,High
21,433152,15,9,5.58,83,37.65,8,12.7,6,91.77,12,33.65,55.57,Medium
7,1004652,2,20,3.47,82,59.18,4,7.2,2,31.41,14,73.03,59.14,Medium
24,144270,4,3,5.8,34,47.55,1,3.7,8,82.69,13,88.2,44.98,Medium
16,1095482,6,11,1.39,68,24.42,1,2.4,5,63.16,7,40.64,52.32,Medium
7,1889765,7,26,4.44,128,25.38,2,14.3,8,61.27,10,59.32,66.79,High
17,1641961,10,7,6.26,139,47.63,9,1.6,8,30.5,17,98.04,75.71,High
19,1764331,19,1,4.89,26,78.16,2,3.4,6,87.36,3,46.66,28.49,Low
16,1245889,19,21,4.02,55,90.82,2,5.5,2,55.19,9,67.6,56.39,Medium
22,1988900,22,12,9.94,22,17.57,6,9.5,8,67.85,0,27.22,63.11,Medium
7,208768,12,20,8.8,20,45.38,7,8.4,6,77.41,4,68.48,64.4,Medium
14,1345302,3,15,6.23,60,19.02,7,2.3,6,79.18,12,27.17,64.95,Medium
18,1955488,13,27,5.69,62,11.49,9,4.7,8,96.92,0,96.74,70.53,High
18,620451,18,1,6.21,121,69.55,6,4.0,1,67.19,7,77.25,58.6,Medium
23,69816,8,10,2.01,51,64.22,8,3.6,2,57.98,2,83.05,50.18,Medium
9,1017344,21,9,3.95,87,24.67,6,6.5,9,96.76,2,76.33,44.51,Medium
6,807907,15,14,0.39,54,31.04,2,10.7,8,74.95,6,67.18,41.26,Medium
3,364997,1,16,4.76,45,12.13,1,3.7,7,50.87,3,55.99,61.11,Medium
7,1254565,3,7,5.43,31,85.15,5,5.8,7,38.85,2,88.67,42.95,Medium
12,1719595,8,17,2.28,54,97.72,9,6.2,5,88.98,14,96.55,47.98,Medium
24,1775502,4,22,9.64,95,22.19,8,14.7,2,55.35,7,59.92,81.74,High
7,1305100,16,8,9.09,132,30.83,4,14.3,6,76.23,2,94.52,56.64,Medium
6,1685687,23,24,7.22,35,88.16,5,12.1,3,62.96,6,66.67,55.51,Medium
4,1088896,10,7,5.33,109,93.38,5,4.0,4,43.93,17,63.07,58.27,Medium
22,1250454,12,26,8.7,105,47.77,6,1.5,2,72.12,10,56.36,86.37,High
12,780880,14,13,1.31,57,14.56,3,5.1,2,34.25,10,36.74,53.9,Medium
21,1624623,14,27,7.91,38,13.55,5,4.4,8,58.93,16,20.3,79.76,High
3,831452,2,25,1.25,79,61.66,2,7.8,8,68.26,5,39.32,51.2,Medium
7,1533741,23,24,7.94,96,45.36,1,11.8,6,60.52,7,60.78,67.14,High
15,1977382,5,17,2.76,112,12.58,1,12.9,5,82.41,0,50.4,51.14,Medium
6,183554,5,21,8.77,60,62.49,7,12.8,8,87.95,9,55.88,64.63,Medium
18,1909450,6,19,9.44,136,11.02,2,5.7,4,83.99,18,98.45,84.79,High
18,501282,13,29,1.49,5,80.86,4,10.5,4,32.72,2,48.02,41.65,Medium
4,1192077,9,19,4.63,108,37.58,5,5.0,5,43.59,3,56.17,64.61,Medium
19,314223,22,20,9.81,34,13.62,7,1.4,1,67.56,10,30.68,76.82,High
22,1158252,15,11,4.83,38,62.95,2,10.7,1,95.44,14,23.84,45.28,Medium
14,1840380,14,18,8.64,149,45.79,6,0.6,2,88.45,0,82.03,74.33,High
20,1272108,7,13,5.89,117,97.64,1,6.4,8,88.98,8,65.65,51.16,Medium
5,1713261,20,16,3.75,4,58.98,7,5.3,7,51.22,10,80.86,53.99,Medium
3,647135,2,23,2.86,86,34.77,9,10.6,9,60.06,18,31.99,64.54,Medium
3,1716471,7,20,2.03,75,73.85,5,11.6,5,62.95,12,65.75,45.93,Medium
21,270178,6,2,7.62,56,34.43,5,4.9,2,41.02,15,40.29,65.02,High
13,1248097,17,25,3.87,126,91.38,4,12.3,7,32.17,3,38.24,57.29,Medium
7,476752,2,29,5.11,28,43.72,3,4.8,8,96.28,0,20.92,53.59,Medium
14,638365,3,22,4.92,86,59.49,9,7.0,7,46.85,19,30.43,77.3,High
5,874690,5,6,5.77,140,14.55,5,11.0,7,46.8,12,44.74,69.88,High
3,753662,5,16,8.66,45,48.35,8,10.5,5,35.84,0,29.35,62.71,Medium
3,1355585,1,11,9.81,115,84.91,9,14.8,2,95.0,4,98.87,60.31,Medium
10,1236293,8,8,4.08,111,82.51,5,3.8,6,70.58,4,44.69,48.23,Medium
12,1480491,12,14,8.28,44,30.19,9,10.1,4,76.69,13,30.43,70.71,High
13,612288,4,17,7.65,144,30.35,2,9.3,2,93.81,13,35.93,71.36,High
14,1649601,13,20,5.74,103,83.56,9,13.8,9,54.19,7,67.02,53.84,Medium
15,1896493,23,12,9.56,84,93.74,4,2.8,7,73.51,3,25.12,62.26,Medium
14,350709,15,29,2.0,133,18.58,6,11.4,6,32.72,6,88.99,69.07,High
16,993026,11,20,1.09,107,50.51,6,8.7,5,43.07,19,96.92,64.03,Medium
4,1950163,10,29,8.54,17,40.37,6,4.5,3,88.19,18,39.74,75.42,High
21,1284816,3,7,4.39,93,88.36,2,7.4,4,83.67,14,56.01,40.58,Medium
20,1675351,22,13,8.47,149,17.52,7,5.3,3,54.54,3,21.77,75.81,High
5,1373062,14,7,8.93,32,29.0,6,8.9,8,56.38,18,71.26,62.2,Medium
19,1401526,16,13,0.62,125,77.72,1,13.4,3,67.35,8,53.11,42.82,Medium
10,1409490,10,6,8.83,121,14.62,2,8.8,7,30.02,12,41.6,68.47,High
12,1177199,10,22,4.48,137,54.33,7,9.7,7,46.89,13,36.55,73.15,High
4,1463897,12,11,5.1,114,49.79,1,8.0,7,44.58,13,72.32,59.04,Medium
21,1067289,9,10,6.27,27,40.1,1,1.2,7,47.53,9,53.3,56.71,Medium
11,1960637,1,21,9.26,10,45.51,1,3.9,2,86.41,15,34.37,66.16,High
9,957425,5,21,0.19,46,57.69,8,7.6,3,49.58,4,75.13,54.19,Medium
6,233675,20,10,4.77,126,24.52,4,5.0,9,43.41,5,65.21,61.09,Medium
23,1835910,8,24,6.88,146,61.48,4,3.1,3,65.3,1,88.69,69.61,High
20,1728811,11,21,7.23,117,82.49,2,7.8,2,90.6,12,29.4,61.05,Medium
15,1911407,12,27,6.93,142,78.41,1,5.2,9,46.89,12,82.85,67.58,High
13,702465,1,28,1.34,125,23.85,9,4.2,9,35.5,18,73.88,74.15,High
6,1315030,22,12,2.99,71,23.43,7,7.2,4,54.95,17,29.2,65.65,High
23,1048748,20,17,3.59,106,34.14,4,2.4,9,82.34,18,75.59,61.36,Medium
6,1208151,11,1,8.04,136,42.5,6,14.0,3,68.55,0,55.32,52.56,Medium
12,1083024,5,28,2.79,32,46.76,2,13.1,7,87.18,7,95.6,47.91,Medium
7,1995912,15,20,2.11,18,71.17,7,10.8,7,97.17,15,31.33,44.47,Medium
11,1306182,5,14,9.57,73,15.1,2,2.0,8,85.49,1,71.43,60.98,Medium
5,555815,12,19,0.09,97,13.12,8,11.8,4,72.27,7,50.56,54.15,Medium
19,1391398,5,26,9.98,140,45.27,8,12.2,3,64.53,5,96.55,81.84,High
5,126218,17,17,6.77,128,72.74,1,11.6,3,32.8,15,46.4,61.73,Medium
18,637518,17,14,8.28,92,27.41,8,2.2,5,98.9,10,96.97,69.81,High
6,820044,12,18,2.95,47,67.74,2,9.8,1,56.84,16,92.12,50.18,Medium
20,1434775,15,22,0.14,63,33.38,6,12.6,3,40.66,18,41.63,62.07,Medium
19,499589,15,23,7.38,60,89.75,1,8.9,6,76.67,10,84.28,54.15,Medium
9,1785416,6,11,8.34,38,90.61,5,9.9,3,49.9,7,99.65,52.76,Medium
7,528446,12,12,7.4,127,36.76,7,7.1,5,71.0,3,40.21,62.59,Medium
14,512052,20,21,1.43,87,30.7,1,8.2,9,71.07,10,54.94,50.1,Medium
19,1432978,18,10,7.53,25,47.02,2,1.0,2,61.2,7,61.61,54.61,Medium
15,1138562,14,4,7.69,16,31.65,7,9.8,2,88.53,8,43.59,48.79,Medium
5,1778096,2,28,6.59,70,70.51,6,1.7,6,48.55,1,21.22,67.61,High
11,397739,9,0,7.66,12,84.35,3,6.8,6,61.4,15,37.61,41.91,Medium
19,1724222,5,23,8.46,68,70.58,2,4.7,8,67.64,5,42.55,62.16,Medium
19,522327,20,2,6.14,25,84.19,4,8.4,2,76.45,18,55.49,46.1,Medium
22,1425649,1,21,0.89,48,45.73,3,2.4,9,84.88,7,33.69,47.76,Medium
18,647794,23,18,4.88,6,24.07,7,10.5,2,57.64,13,89.86,61.19,Medium
24,84911,3,22,0.78,57,76.42,8,12.0,1,75.22,15,76.39,49.48,Medium
15,1972135,6,28,4.08,48,42.44,2,2.9,2,40.54,11,26.82,67.34,High
21,475037,5,29,4.07,102,70.41,7,2.0,7,95.29,4,72.01,63.56,Medium
19,780399,21,6,0.66,52,34.36,8,2.6,8,56.81,18,72.29,47.57,Medium
6,1028039,5,11,3.49,61,17.31,6,13.2,5,81.07,17,96.5,48.88,Medium
14,949885,1,14,1.11,16,99.33,6,8.2,6,31.42,8,20.24,39.81,Medium
11,658746,17,24,8.08,24,24.06,1,7.3,1,44.36,1,39.83,70.09,High
21,1110751,19,4,9.48,130,98.96,4,2.0,6,64.1,19,94.22,65.04,High
14,955667,14,14,0.72,28,97.96,1,9.9,8,91.48,11,94.57,21.78,Low
11,366915,12,7,9.55,116,81.44,4,13.1,3,66.91,1,77.65,55.31,Medium
9,549876,10,9,5.23,25,69.35,2,12.5,1,95.09,9,81.26,39.98,Medium
16,1744164,20,25,3.0,123,62.0,5,9.6,4,63.87,0,27.32,60.62,Medium
22,661213,21,15,0.77,143,87.95,9,1.6,1,64.33,3,61.11,60.3,Medium
21,818734,18,7,5.01,24,36.05,3,2.1,8,38.38,11,38.53,53.06,Medium
17,1164934,11,0,7.95,53,52.09,8,1.2,5,86.19,8,34.5,53.96,Medium
18,1509119,2,11,7.07,72,65.75,3,4.2,1,47.29,3,84.82,56.16,Medium
23,97057,18,4,0.5,119,47.01,6,2.5,8,92.97,8,30.8,47.5,Medium
7,1366870,7,2,0.73,55,48.47,4,4.3,9,93.76,5,57.49,33.29,Low
5,1889433,15,0,4.03,64,39.73,8,6.1,2,96.03,0,95.09,42.73,Medium
14,304726,11,3,2.95,92,60.78,6,14.2,9,66.42,9,34.87,45.62,Medium
22,328176,18,7,2.32,85,86.55,8,9.4,8,77.4,13,98.24,45.43,Medium
23,1625062,23,2,2.81,79,28.14,1,12.6,7,84.5,17,99.54,43.56,Medium
6,758754,12,9,8.03,107,94.1,6,10.8,3,39.17,5,64.45,59.32,Medium
23,987583,6,1,9.29,117,72.02,1,2.1,2,72.07,17,33.61,67.79,High
18,1265868,20,10,4.05,82,84.09,1,11.2,7,32.4,19,45.29,45.37,Medium
9,194931,23,24,9.06,146,60.06,8,4.5,5,64.83,15,53.96,83.18,High
15,1542252,13,9,3.21,14,80.16,7,9.8,6,40.84,14,44.75,44.89,Medium
23,212491,20,20,4.76,130,11.46,3,5.4,4,42.8,15,42.45,81.1,High
12,1479585,16,13,2.26,138,83.65,6,15.0,2,55.55,7,97.78,47.55,Medium
9,451921,18,6,6.4,29,13.61,9,4.3,9,60.27,12,32.27,65.13,High
16,310910,10,26,9.79,56,90.09,7,4.5,3,73.62,10,78.67,66.59,High
7,1121812,23,26,6.03,145,99.28,3,14.0,7,35.21,6,20.03,60.17,Medium
5,137955,8,1,3.58,127,36.47,6,0.9,8,65.26,16,67.69,61.86,Medium
13,1839450,18,8,6.48,47,28.93,4,10.6,2,42.78,17,93.28,55.79,Medium
13,677433,21,15,1.23,135,78.88,3,11.0,6,70.18,18,43.03,50.14,Medium
20,1769294,1,12,8.89,21,32.77,9,12.6,8,74.62,12,34.84,59.01,Medium
17,1329361,23,8,5.03,5,87.9,2,14.6,7,68.97,14,72.13,31.47,Low
14,1193490,8,19,4.49,103,19.26,1,14.6,3,81.68,0,77.01,53.89,Medium
11,1987878,6,3,5.86,35,21.34,2,1.4,1,53.49,15,75.04,56.66,Medium
12,257990,5,21,6.25,78,98.12,7,12.4,6,83.56,4,45.55,52.23,Medium
14,428387,15,9,0.72,115,70.65,1,9.9,8,60.29,2,40.18,32.7,Low
19,588884,22,25,6.83,56,86.22,6,9.9,6,63.89,9,96.47,60.73,Medium
8,1046261,15,25,2.42,48,39.19,7,2.4,5,75.37,18,93.86,63.8,Medium
9,1755215,2,21,7.14,81,70.88,9,9.9,8,31.29,4,56.59,66.67,High
16,1292845,1,11,8.23,65,63.48,8,14.7,2,75.78,6,87.7,56.26,Medium
15,1996504,23,16,8.04,76,64.28,6,13.7,1,73.3,13,56.19,59.53,Medium
10,442417,23,13,5.53,44,71.43,3,6.9,1,51.69,2,53.95,53.29,Medium
12,1030020,11,13,5.2,78,61.78,8,1.1,4,36.01,12,32.54,69.8,High
11,188155,10,24,1.43,19,48.62,7,5.8,6,36.37,12,54.11,57.55,Medium
20,1219250,18,1,7.75,122,34.83,3,12.5,9,94.63,9,62.99,47.02,Medium
4,956739,18,20,2.71,66,79.17,9,10.7,1,78.25,1,21.8,55.85,Medium
7,1880393,17,24,4.97,82,30.36,2,7.2,1,38.9,5,55.53,69.67,High
7,1863333,8,19,2.84,2,72.31,3,1.3,5,54.97,7,82.51,43.29,Medium
8,1355289,15,10,1.34,63,31.0,2,6.7,5,71.47,3,74.4,40.04,Medium
21,1540077,8,15,6.3,39,66.28,1,7.3,5,88.49,11,70.81,51.4,Medium
10,593351,17,18,0.54,58,77.24,4,14.0,6,33.06,14,92.76,44.97,Medium
18,117642,12,22,7.49,61,29.68,5,9.8,8,46.56,7,21.44,71.19,High
15,140093,8,5,3.18,131,15.39,6,5.0,3,92.28,6,64.56,56.61,Medium
3,1606182,14,23,0.0,59,21.79,5,8.1,9,30.64,13,82.99,59.52,Medium
24,267215,4,18,5.11,115,64.54,1,1.5,1,44.1,18,63.31,68.83,High
22,1805856,1,4,0.47,74,86.45,3,14.6,4,97.13,13,45.91,25.91,Low
19,1782465,1,25,2.76,121,14.05,1,5.7,9,72.94,12,30.9,68.37,High
9,85954,19,3,7.07,106,76.07,5,7.4,8,48.32,0,91.01,51.77,Medium
15,1126432,16,14,0.63,95,40.72,5,5.7,9,34.69,18,57.66,56.44,Medium
6,576861,14,28,8.39,90,53.07,6,10.4,1,31.97,0,90.25,71.95,High
6,609655,21,3,0.04,129,93.6,8,10.1,9,47.13,3,66.87,37.89,Medium
8,545553,16,19,2.47,61,39.88,1,10.9,3,91.7,9,73.94,47.01,Medium
21,812092,5,9,7.41,48,51.88,4,4.4,9,59.11,2,84.34,53.71,Medium
14,936040,9,23,3.16,136,11.23,1,5.1,1,80.42,19,72.73,76.11,High
24,372918,2,21,1.02,91,17.34,9,2.3,1,94.28,8,51.84,62.07,Medium
9,1122328,18,2,3.6,123,33.27,7,10.0,9,58.56,2,61.09,53.75,Medium
12,891461,6,25,2.7,60,12.51,7,1.1,6,43.39,5,84.24,70.93,High
21,198757,9,4,8.43,47,66.82,5,9.2,4,66.2,5,49.89,53.09,Medium
9,1412413,1,5,3.13,135,48.38,7,13.1,7,93.57,11,51.05,50.71,Medium
5,166739,9,20,7.89,57,59.33,2,13.4,5,86.31,0,27.66,55.03,Medium
15,1940969,16,21,8.92,100,25.72,4,7.0,7,34.61,15,93.17,74.32,High
15,1336585,13,7,4.34,111,36.63,7,7.2,8,78.48,4,27.28,53.42,Medium
20,830316,9,6,9.1,61,69.74,3,1.6,8,70.03,8,71.86,57.94,Medium
22,1306556,21,20,3.77,38,96.88,2,10.2,1,93.52,9,53.06,39.35,Medium
10,1355185,13,9,9.64,57,14.54,2,12.4,8,38.57,12,52.45,58.84,Medium
11,1487398,9,5,0.89,98,90.13,1,4.0,6,67.38,14,74.36,41.15,Medium
9,386676,11,13,6.87,43,61.92,5,6.6,4,91.56,11,25.37,59.45,Medium
3,1442714,4,3,4.94,28,60.75,6,12.7,8,58.7,4,67.5,33.48,Low
5,1416853,2,27,3.88,58,55.03,6,13.2,3,63.74,4,81.76,59.09,Medium
15,1064929,6,24,6.33,70,16.25,9,4.0,4,34.93,17,86.26,85.12,High
19,1616847,14,12,7.04,91,18.09,4,8.5,6,49.47,11,33.64,67.87,High
3,373412,4,19,0.04,8,64.08,1,3.3,7,52.72,2,91.79,38.68,Medium
8,535417,6,16,1.67,126,40.69,6,2.0,4,96.16,6,72.49,57.12,Medium
23,1530035,19,22,7.13,133,92.55,5,13.7,4,49.79,16,90.55,62.64,Medium
8,238456,6,6,6.66,144,46.59,6,12.4,7,62.26,18,58.82,61.65,Medium
14,605941,2,3,9.66,143,22.9,3,11.5,6,76.99,17,63.36,67.2,High
15,1256305,18,28,7.61,130,74.32,2,1.2,8,41.35,0,93.52,69.44,High
15,278504,13,13,9.51,20,36.4,6,12.7,1,64.05,4,91.99,60.31,Medium
17,1744693,9,2,7.03,63,57.29,1,6.9,7,81.7,1,55.85,43.45,Medium
23,702665,23,23,2.98,89,72.8,7,5.5,7,90.68,0,41.95,53.75,Medium
18,1624486,19,4,1.05,35,91.02,7,8.4,7,73.84,6,51.45,33.37,Low
24,623044,13,15,7.82,61,81.3,7,1.8,7,76.83,10,51.02,58.53,Medium
23,1139385,11,25,6.44,75,70.87,1,11.5,8,38.84,10,42.95,55.22,Medium
13,1639589,1,22,0.48,12,71.17,4,8.9,9,96.2,17,41.49,45.26,Medium
7,766756,22,19,3.6,10,95.13,7,3.2,9,39.28,16,88.89,47.35,Medium
6,101226,7,3,9.57,53,36.62,9,3.2,2,84.23,1,25.59,60.08,Medium
5,549512,21,23,5.0,15,10.1,5,3.2,7,48.54,6,74.21,66.07,High
21,1704046,15,29,4.33,7,34.48,2,1.3,7,95.35,6,33.83,57.02,Medium
22,1574357,1,23,4.58,103,29.61,7,9.0,4,80.4,9,47.56,72.2,High
20,1127978,12,1,2.09,58,69.57,1,12.7,9,82.77,2,24.92,22.7,Low
17,1102839,7,29,3.69,56,67.03,7,0.8,8,45.33,11,41.6,63.73,Medium
11,1090993,15,17,3.7,39,63.41,6,1.2,1,61.01,2,81.47,51.65,Medium
19,1850459,21,18,0.52,129,11.46,7,8.8,2,73.25,10,90.8,63.27,Medium
16,1276476,19,27,7.68,93,75.59,3,12.4,2,83.9,11,37.72,64.04,Medium
17,622212,1,27,4.17,137,39.12,3,5.2,8,37.28,3,57.08,69.97,High
3,386326,17,18,8.22,43,69.86,7,5.6,1,97.37,15,57.63,68.68,High
23,274137,17,16,8.5,138,60.09,2,9.1,4,92.32,19,89.89,71.28,High
24,1550844,3,13,2.12,79,40.85,1,4.5,5,48.92,17,81.02,52.4,Medium
24,979168,12,18,6.57,80,22.11,9,0.9,9,87.59,3,61.05,68.03,High
5,1396457,6,21,4.72,1,18.5,9,11.2,7,66.28,5,73.66,56.48,Medium
18,413476,11,23,8.8,139,84.84,7,9.6,8,62.33,14,87.79,76.58,High
13,1450283,3,12,2.16,114,92.66,7,8.9,9,52.01,0,20.76,50.13,Medium
14,1783309,8,11,6.78,89,68.48,3,11.3,7,70.67,2,52.23,45.16,Medium
12,1609161,14,29,6.08,22,19.31,2,10.3,5,81.09,4,92.58,59.96,Medium
18,741757,14,25,2.95,145,46.18,7,3.5,5,58.77,16,79.23,74.25,High
10,440719,10,5,1.37,61,75.6,9,5.6,6,74.05,13,63.43,39.1,Medium
8,1577937,2,20,6.52,112,80.18,1,2.3,5,78.95,8,62.37,55.59,Medium
14,1199947,14,3,7.39,127,20.64,4,2.4,9,79.78,2,47.82,59.52,Medium
23,612997,9,18,3.16,61,10.0,6,10.3,3,33.64,12,61.64,64.99,Medium
10,1083578,3,15,6.45,37,74.09,7,12.9,3,90.18,2,72.43,40.97,Medium
6,1290768,21,12,3.95,60,42.09,7,14.5,7,62.08,10,53.47,52.41,Medium
10,1248898,8,3,7.13,128,32.9,2,9.6,7,48.37,1,77.13,50.97,Medium
20,71172,16,29,1.99,148,11.16,4,3.2,6,46.92,14,88.9,78.77,High
7,585843,2,22,8.9,121,58.63,5,2.0,3,63.81,12,32.37,78.95,High
11,1046121,6,16,2.87,109,86.6,1,12.3,7,92.08,18,56.12,42.27,Medium
6,1676140,21,22,3.68,12,96.19,1,8.9,5,56.48,15,52.64,44.66,Medium
24,631780,12,0,0.58,99,60.92,3,9.5,7,82.48,17,75.0,33.91,Low
19,758362,5,17,1.12,134,56.3,3,11.8,2,36.78,6,39.99,55.33,Medium
11,563319,2,19,5.16,21,17.66,8,10.7,6,63.32,12,71.22,58.4,Medium
3,830298,16,16,2.68,73,59.4,9,12.6,8,99.42,3,90.2,43.15,Medium
23,926031,5,26,8.35,131,44.2,1,1.3,1,83.93,8,53.45,74.64,High
22,1320896,15,27,0.15,22,64.64,2,11.3,4,44.74,9,92.88,45.36,Medium
15,1516554,12,26,3.79,118,44.99,2,12.8,1,65.1,8,99.45,62.99,Medium
18,1109622,4,14,3.37,69,31.63,4,4.6,1,46.35,6,28.49,56.71,Medium
15,278071,15,10,0.19,83,18.55,2,9.8,8,58.67,14,38.64,47.91,Medium
16,428165,11,24,1.24,100,38.34,7,5.1,7,84.61,7,96.03,53.78,Medium
5,758662,16,27,4.14,83,18.7,9,14.4,1,83.99,18,96.67,72.42,High
8,466366,23,21,4.93,27,25.92,7,1.0,2,45.97,10,27.82,69.66,High
20,1365573,6,12,4.04,135,98.86,6,8.9,4,94.56,4,21.2,49.58,Medium
21,1062117,14,0,5.31,0,49.97,1,2.9,1,71.48,1,32.89,38.57,Medium
7,695188,18,16,5.95,62,57.87,9,10.8,3,56.59,9,99.68,63.49,Medium
17,1581191,12,5,0.1,21,88.63,5,3.1,8,65.14,15,34.4,36.03,Medium
4,465008,11,3,4.64,69,99.6,5,3.9,8,72.35,12,60.2,43.22,Medium
12,1681993,13,19,9.63,124,62.44,6,7.7,8,69.19,7,87.87,68.03,High
20,1859955,21,15,5.19,148,83.12,9,13.8,6,64.05,8,21.63,65.52,High
15,1304126,23,14,6.78,95,39.42,8,3.6,6,65.35,10,68.36,71.9,High
7,294883,11,26,3.12,78,37.52,8,2.6,5,42.35,10,42.16,71.02,High
3,1736994,23,14,7.74,4,46.24,8,11.5,9,86.89,15,88.99,56.91,Medium
24,1559090,16,5,7.73,59,70.53,1,7.8,4,67.92,9,42.68,47.81,Medium
3,999491,15,14,5.21,119,71.4,1,13.7,7,39.18,11,74.94,55.43,Medium
20,721210,21,13,9.76,45,38.37,8,2.6,1,83.63,5,73.94,71.37,High
17,979616,15,27,1.26,133,21.99,5,9.9,9,95.27,11,37.72,60.4,Medium
19,1220365,4,10,0.17,55,66.92,9,3.9,7,96.31,9,22.78,46.11,Medium
13,729418,11,6,7.7,109,21.55,2,2.8,9,55.83,17,52.74,65.89,High
23,750780,19,8,8.07,103,62.06,9,10.4,7,39.49,17,43.14,66.4,High
24,1661754,15,25,1.2,76,72.41,8,9.1,2,66.29,3,84.72,50.34,Medium
19,1164593,4,15,2.66,145,73.06,9,11.4,6,37.88,8,84.03,60.53,Medium
15,1276952,21,4,0.18,1,77.81,4,5.0,4,95.38,6,56.56,23.05,Low
3,1786857,13,24,2.93,7,88.56,1,7.0,3,42.85,17,68.52,44.91,Medium
4,549137,22,19,7.73,74,55.0,1,6.4,2,47.69,7,68.34,65.48,High
11,706884,19,28,5.18,124,75.72,5,14.8,6,58.46,10,86.17,58.76,Medium
5,674712,2,9,3.48,37,65.73,2,4.7,8,56.82,6,54.0,37.33,Medium
3,1900056,14,17,3.72,26,26.8,8,4.8,6,85.63,8,42.04,54.86,Medium
23,743264,4,2,0.01,19,12.31,5,5.6,9,61.94,7,41.2,37.22,Medium
18,891344,16,12,3.0,139,35.61,5,8.7,5,41.95,2,62.9,57.68,Medium
8,1656872,21,10,6.46,42,49.87,2,4.2,2,48.7,16,55.93,55.29,Medium
19,1491852,20,16,9.74,30,65.54,7,13.8,8,65.64,1,55.21,58.0,Medium
7,1828602,14,29,8.47,90,86.5,8,4.4,9,40.32,14,27.29,81.63,High
7,657847,15,29,0.24,60,27.66,1,13.5,4,72.82,13,77.49,50.24,Medium
8,1153913,3,21,8.99,108,21.3,2,2.0,6,69.6,17,37.1,80.12,High
5,947048,8,12,7.83,90,96.71,4,10.0,8,80.03,15,35.76,53.68,Medium
23,1374070,16,5,7.8,94,19.72,5,13.7,9,95.64,19,53.02,60.29,Medium
7,1122930,10,16,4.58,142,53.06,2,2.9,5,93.86,3,38.22,55.3,Medium
23,1143762,4,26,3.98,143,62.7,1,14.5,6,96.23,19,66.71,56.95,Medium
7,602433,18,12,3.03,12,58.72,9,7.1,4,47.13,5,49.72,52.61,Medium
12,477236,2,18,0.66,112,17.74,1,14.2,5,39.21,5,55.91,49.24,Medium
12,1708987,17,20,2.28,34,15.13,4,10.3,7,51.16,10,62.97,53.19,Medium
21,1598459,13,18,2.47,148,19.49,2,4.9,9,92.66,16,36.28,68.68,High
19,1829122,4,9,4.84,47,62.7,4,3.2,6,98.04,2,32.46,46.05,Medium
23,790829,11,2,7.47,34,58.99,8,4.9,6,90.15,12,90.43,48.44,Medium
16,1643445,7,13,4.74,85,31.04,8,1.8,8,37.7,2,54.7,66.12,High
11,1711793,12,25,0.58,113,67.4,9,2.6,4,96.32,15,52.97,59.7,Medium
16,335195,10,18,9.58,99,83.81,5,2.0,3,59.64,14,22.85,77.91,High
3,625762,7,4,9.43,98,13.74,7,6.6,7,30.65,10,59.84,72.18,High
21,666036,13,28,7.85,2,54.83,3,12.0,5,60.97,17,64.33,66.16,High
15,1224571,7,4,9.91,84,72.04,4,2.6,2,33.22,14,64.71,71.34,High
15,1344266,17,19,5.44,124,32.71,9,2.4,2,68.07,4,76.56,78.06,High
6,1430346,10,16,9.63,137,37.7,1,9.8,6,53.7,15,34.2,78.95,High
3,843392,10,20,0.76,82,65.23,2,3.4,8,63.14,15,40.18,53.3,Medium
19,478988,4,9,3.66,24,90.81,5,1.9,1,72.92,16,84.86,45.4,Medium
10,230553,20,4,2.25,67,82.89,3,2.9,6,90.82,8,95.77,34.28,Low
4,610696,4,3,1.96,60,62.48,2,13.9,2,76.33,2,30.87,33.0,Low
10,930438,22,5,1.41,28,75.72,1,12.4,2,60.38,19,59.81,38.64,Medium
9,1358144,7,25,6.22,126,42.83,3,5.6,7,87.36,12,37.13,68.53,High
4,369278,22,3,7.81,18,67.69,1,10.0,1,93.39,2,24.81,42.7,Medium
24,1250139,1,29,5.78,73,51.96,1,8.3,6,38.38,6,46.04,67.88,High
24,1755277,12,6,1.47,60,27.09,1,10.3,7,67.24,5,31.5,43.5,Medium
5,749983,13,6,8.11,19,73.16,8,10.4,8,49.92,8,76.79,52.18,Medium
20,1713191,10,17,6.36,47,60.08,3,9.6,7,33.29,11,62.7,54.68,Medium
14,443554,15,2,3.88,86,42.28,1,4.4,6,76.8,14,31.51,45.22,Medium
3,1301079,13,0,6.74,138,92.02,7,1.1,9,90.39,19,20.74,55.79,Medium
24,1241902,23,23,2.6,109,11.88,3,7.1,3,41.4,2,84.65,61.96,Medium
14,1805796,22,24,3.45,27,38.42,8,13.4,6,86.87,9,34.1,56.15,Medium
7,1109920,22,3,9.17,58,15.12,4,8.8,4,89.74,0,68.5,55.65,Medium
19,444966,21,5,2.91,132,78.99,4,12.6,2,94.0,18,46.95,51.35,Medium
18,1690821,22,8,4.7,50,73.19,5,14.9,1,48.57,18,66.84,50.36,Medium
17,155423,9,21,8.9,148,39.82,6,2.9,1,93.28,12,45.25,78.66,High
17,370197,9,13,7.08,11,70.81,7,10.5,3,52.45,11,26.96,52.58,Medium
7,514071,15,27,0.62,49,45.63,4,10.3,4,68.66,0,37.84,44.67,Medium
23,721256,10,11,1.47,131,78.06,8,14.7,2,33.54,18,35.04,56.39,Medium
16,236833,10,27,0.08,112,50.88,6,14.8,1,33.07,15,54.24,63.86,Medium
4,767912,8,24,6.31,13,47.11,1,10.5,4,80.43,14,72.66,50.61,Medium
13,825435,16,19,4.48,31,94.13,1,4.0,7,61.11,15,41.1,48.26,Medium
21,127454,17,23,1.34,138,32.58,9,12.1,6,47.94,10,20.97,65.81,High
9,1356170,5,24,9.58,145,20.84,6,2.1,6,43.33,5,61.51,89.7,High
8,1610473,4,3,5.3,54,62.61,8,11.8,9,76.9,10,68.46,42.77,Medium
4,1451320,18,20,2.42,119,97.24,7,13.7,2,30.03,2,97.03,50.45,Medium
8,959164,19,29,5.01,74,44.01,6,6.1,4,86.41,14,67.16,69.36,High
20,1614718,4,23,6.8,20,15.58,4,9.6,5,35.55,0,57.69,66.82,High
4,995439,7,11,0.76,132,40.54,7,6.7,1,43.4,6,65.87,55.52,Medium
20,87641,10,9,2.75,86,55.53,9,6.8,8,57.04,0,94.23,46.99,Medium
17,1652575,18,29,8.07,58,24.57,7,5.0,8,63.94,16,86.27,81.91,High
21,1955350,19,21,4.6,88,69.23,1,11.6,6,54.85,8,45.84,53.67,Medium
4,1467616,4,27,5.47,149,99.8,9,14.1,5,52.45,12,38.98,74.07,High
22,1766118,10,6,4.33,82,50.66,4,14.1,8,97.47,10,41.01,40.84,Medium
8,662121,1,2,0.44,64,41.93,3,3.0,3,74.91,19,60.35,45.45,Medium
3,368420,23,22,1.66,63,46.06,4,13.2,3,31.64,5,79.52,47.32,Medium
17,331685,18,27,4.46,70,20.36,4,11.2,2,60.11,0,60.26,63.47,Medium
12,1979465,5,13,2.09,3,89.49,2,4.2,5,91.25,6,25.42,31.91,Low
21,1574102,15,23,0.5,142,47.33,1,1.5,3,51.1,11,77.89,60.03,Medium
19,1143389,17,9,8.44,103,44.85,1,4.4,3,36.62,19,84.48,70.08,High
7,1791134,3,15,9.81,149,69.37,8,13.7,6,83.09,18,43.16,73.84,High
6,714180,12,15,7.93,92,49.78,2,9.7,8,72.42,16,73.13,56.99,Medium
12,336214,2,21,8.54,141,68.34,5,11.0,2,69.92,3,54.13,70.38,High
19,978626,1,9,2.42,147,15.53,4,4.2,4,33.75,2,91.13,61.72,Medium
12,392703,23,24,9.61,111,83.24,8,10.9,7,39.83,0,87.62,64.59,Medium
19,254615,21,12,1.97,118,94.65,2,0.9,1,73.58,17,62.03,53.18,Medium
22,1575233,17,5,9.51,58,68.39,9,5.9,1,44.55,14,75.32,68.44,High
7,1664650,22,11,9.95,42,95.91,7,9.6,7,65.28,7,90.67,51.88,Medium
4,1848870,16,8,7.12,11,23.63,7,2.6,7,68.14,0,59.66,53.05,Medium
8,1853740,5,12,9.81,39,52.97,1,12.4,1,49.85,19,45.06,61.29,Medium
23,449953,15,3,5.7,117,64.16,2,3.9,1,96.39,13,80.29,53.33,Medium
4,1921070,3,23,2.6,19,62.36,4,10.0,4,88.97,3,37.61,48.53,Medium
15,1021741,7,10,4.37,130,46.13,4,6.4,5,80.57,4,51.08,56.83,Medium
13,888003,11,19,5.94,89,40.43,3,9.1,5,35.46,12,89.26,60.55,Medium
13,1386230,10,17,0.73,93,21.41,7,2.1,4,37.43,14,77.95,66.45,High
18,331570,9,25,6.22,12,45.26,8,0.7,8,64.49,5,52.3,69.4,High
13,1135841,14,10,9.81,65,24.64,2,13.7,7,41.25,0,37.18,53.42,Medium
21,1347897,13,24,1.9,36,76.09,4,4.4,9,98.48,18,48.48,55.17,Medium
17,116150,2,20,7.93,65,28.79,3,12.4,7,41.1,12,42.73,71.85,High
18,1710176,3,3,9.08,35,15.27,2,15.0,1,64.12,5,34.09,48.04,Medium
13,1188189,7,17,9.44,25,59.71,6,3.6,7,55.49,14,79.47,70.67,High
24,387054,21,0,9.6,74,63.57,4,4.3,1,74.76,15,40.17,59.34,Medium
18,1937383,18,26,5.21,107,88.47,6,10.1,7,39.03,15,56.33,70.18,High
10,171826,3,6,9.77,42,61.93,2,14.5,8,60.12,9,50.87,46.91,Medium
6,609723,10,5,7.57,149,41.09,4,13.8,9,49.23,8,98.57,56.07,Medium
10,1981451,22,14,1.62,147,82.27,6,7.8,3,92.14,8,51.29,52.8,Medium
6,500348,7,17,4.77,7,58.63,5,12.0,4,32.84,16,26.4,58.92,Medium
5,1308593,9,23,7.18,28,17.14,3,2.5,4,93.96,16,27.19,66.84,High
5,1049554,17,10,2.47,39,60.93,8,14.7,9,88.31,16,67.26,41.8,Medium
20,184055,11,19,6.41,127,91.72,7,14.5,7,50.83,11,67.95,57.15,Medium
21,540457,7,23,6.67,83,45.67,3,2.9,3,85.25,12,53.5,67.95,High
21,726022,14,14,1.63,115,36.67,6,4.8,5,32.18,11,54.55,61.93,Medium
23,859942,19,15,5.65,143,22.91,4,2.0,7,97.68,13,24.31,71.54,High
7,1832123,4,6,7.72,61,23.63,5,4.4,8,66.86,9,61.32,58.15,Medium
20,746358,6,20,4.99,6,48.95,5,12.3,1,51.23,18,60.38,54.8,Medium
12,1548638,10,9,0.12,44,63.61,7,6.0,2,55.38,1,31.96,37.92,Medium
24,1192647,7,25,0.09,87,17.26,5,1.8,7,34.65,3,28.31,60.21,Medium
23,1891648,13,11,3.57,72,94.56,3,5.5,2,99.25,18,29.89,48.11,Medium
8,1405267,14,23,9.26,36,77.96,5,14.7,7,32.75,6,28.08,65.32,High
3,891052,4,13,2.29,118,62.8,7,9.6,9,75.84,14,68.78,48.86,Medium
7,196389,8,24,6.34,56,84.56,5,6.5,2,60.99,14,35.72,69.84,High
11,1738472,5,4,2.22,7,17.22,5,2.9,7,96.42,5,40.11,42.98,Medium
14,319708,1,25,3.22,94,52.92,9,14.8,4,47.22,2,33.89,62.66,Medium
16,1781281,4,20,8.48,116,66.71,3,12.4,2,67.25,5,96.63,63.02,Medium
4,688112,3,17,7.29,109,84.58,6,4.6,7,63.76,15,88.37,68.53,High
19,1061727,9,4,0.95,19,80.51,1,1.5,5,79.2,1,38.44,23.62,Low
16,304444,8,2,4.29,123,34.94,5,1.3,1,34.76,6,46.21,62.87,Medium
15,653561,1,22,0.29,52,94.68,8,2.2,5,43.57,10,36.79,56.05,Medium
